id,medical_checks_2009,medical_checks_2010,medical_checks_2011,medical_checks_2012,medical_checks_2013,medical_checks_2014,medical_checks_2015,medical_checks_2016,medical_checks_2017,medical_checks_2018,medical_checks_2019,medical_checks_2020,medical_checks_2021,emergencies_2009,emergencies_2010,emergencies_2011,emergencies_2012,emergencies_2013,emergencies_2014,emergencies_2015,emergencies_2016,emergencies_2017,emergencies_2018,emergencies_2019,emergencies_2020,emergencies_2021,deaths_2005,deaths_2006,deaths_2007,deaths_2008,deaths_2009,deaths_2010,deaths_2011,deaths_2012,deaths_2013,deaths_2014,deaths_2015,deaths_2016,deaths_2017,deaths_2018,deaths_2019,deaths_2020,deaths_2021,births_2001,births_2002,births_2003,births_2004,births_2005,births_2006,births_2007,births_2008,births_2009,births_2010,births_2011,births_2012,births_2013,births_2014,births_2015,births_2016,births_2017,births_2018,births_2019,births_2020,births_2021
0,699669,786189,751405,740849,844993,900346,855450,872801,841216,942305,961871,463595,757138,419088,388543,330585,301364,325122,415367,365666,400331,372322,334222,345459,263131,283744,511,442,437,434,484,434,400,384,409,388,256,255,348,451,403,277,408,"22,442","20,473","19,712","18,850","18,862","18,565","18,172","18,917","17,558","19,600","20,458","19,404","19,529","17,903","19,276","18,965","19,553","20,625","20,759","17,826","19,044"
1,110856,143595,157960,163353,123577,215683,245192,256607,233800,219770,198051,92270,126892,46959,55538,79009,109922,117607,117477,115215,123345,105587,109351,140119,124140,155778,94,74,81,92,91,96,50,66,69,55,54,49,54,68,83,68,73,"5,971","4,970","4,181","4,930","4,361","4,347","4,582","4,496","5,066","5,286","5,313","5,320","5,322","5,197","5,082","4,720","4,778","4,912","4,989","4,355","4,560"
2,37685,42032,37048,36471,40116,57428,64154,57720,79814,66646,64329,32334,48249,57392,59916,49133,51738,50305,37609,32556,36970,40910,33719,33576,24592,28594,7,14,15,15,17,8,14,15,30,23,19,12,24,32,34,20,26,"1,310","1,363","1,108","1,019",965,905,861,809,823,805,789,700,715,820,779,705,651,823,880,710,834
3,60928,69398,68848,59679,57196,67470,73600,65949,68589,69089,70294,39670,54855,56434,49192,69719,72040,79432,69010,66251,65704,65720,63843,67663,45357,60797,22,19,27,17,8,21,16,21,16,19,9,7,16,16,25,14,20,"1,387","1,527","1,379","1,334","1,418","1,289","1,066","1,251",995,"1,364","1,423","1,357",998,921,"1,443","1,291","1,299","1,376","1,260","1,132","1,203"
4,124898,189339,244670,314135,318478,349913,409669,412510,398154,413027,391597,149657,234633,131960,137678,125616,197252,194101,174960,192358,209185,163789,163324,180312,123307,106526,114,141,104,122,119,61,98,107,130,129,69,96,110,169,123,115,108,"7,334","7,151","6,673","6,558","5,856","6,168","5,977","6,149","6,029","6,061","6,477","6,533","6,423","6,460","6,369","6,342","6,506","6,589","6,743","5,601","4,848"
5,120741,106917,112196,138162,143790,154944,168772,161540,152879,151944,182166,83356,134605,52685,49554,52738,54801,58965,63192,56224,53048,51926,62292,62134,43277,52145,46,34,35,24,28,38,40,36,43,35,19,27,33,37,36,33,28,"3,216","3,180","3,159","2,749","2,623","2,355","2,162","2,338","2,480","2,553","2,665","2,444","2,371","2,485","2,246","2,148","2,251","2,204","2,170","2,066","2,199"
6,67834,70170,78225,79371,84197,87982,99770,91382,99509,105047,84530,32679,51415,38977,40646,43043,38801,44249,55112,50890,56396,61669,70536,72215,57204,74911,19,23,23,33,23,27,21,22,24,17,29,18,21,39,25,14,15,"1,818","1,758","1,797","1,713","1,684","1,493","1,531","1,634","1,840","1,627","1,740","1,562","1,531","1,450","1,370","1,386","1,556","1,510","1,537","1,381","1,250"
7,94657,94619,77299,79455,79301,83199,72432,82506,77737,84585,99249,31538,52906,74846,75785,75557,88116,91103,95534,94650,116951,102034,104832,108135,60840,76928,57,50,46,73,64,70,57,73,69,54,51,48,77,76,77,54,72,"3,165","3,207","2,938","2,636","2,462","2,253","2,378","2,548","2,542","2,655","2,782","2,782","2,738","2,917","2,771","2,806","3,092","3,350","3,670","3,149","3,761"
8,75151,63089,40863,95254,85587,87235,99946,113268,102915,91158,86582,43728,69696,139209,120182,76738,141413,151215,165007,192870,151096,144894,166672,191584,151486,141545,67,38,66,98,75,27,81,61,75,80,48,33,34,90,53,40,79,"4,775","5,072","4,142","3,881","3,945","3,581","3,730","4,156","4,376","4,485","4,749","4,705","4,863","4,876","4,386","4,120","4,370","4,477","4,473","3,782","3,711"
9,60014,65915,75498,82983,65046,76798,110153,109340,121759,111221,98798,64139,94885,65187,66326,69622,54590,49617,58388,73302,93896,92158,92988,111977,93737,129077,28,42,34,37,28,33,24,81,70,60,64,24,37,85,71,55,65,"5,462","5,269","5,033","4,829","4,885","4,721","4,530","4,742","4,799","4,658","4,845","4,601","4,809","4,962","4,611","4,307","4,858","4,908","4,614","4,271","3,965"
10,100708,89549,126073,117482,104673,110051,126610,134871,113492,129493,139212,66209,113480,60772,41843,24392,74733,91739,116237,105754,106105,83176,76780,87065,71339,87303,65,50,33,46,55,45,37,65,58,50,26,29,41,36,52,28,28,"3,840","3,915","3,581","3,436","3,482","3,225","3,081","3,197","3,262","3,183","3,145","3,258","3,246","3,528","3,208","3,016","3,031","3,091","3,000","2,586","2,572"
11,89150,85816,76193,67387,68870,94408,78671,66103,57212,63474,76293,32013,47579,58493,60963,55784,60470,69647,81488,64708,62943,58840,74798,78648,59397,63912,52,33,37,57,44,50,43,53,54,48,41,41,44,67,50,28,59,"1,817","1,681","1,457","1,185","1,201","1,201","1,259","1,223","1,237","1,247","1,385","1,242","1,133","1,502","1,321","1,192","1,216","1,191","1,425","1,302","1,251"
12,6640,1074,7931,6765,14351,16978,14853,16751,14285,16974,9635,9239,11932,14420,2378,13640,7247,10158,15445,9836,9427,12065,9984,22918,14815,13748,4,9,3,4,9,3,3,7,9,4,4,4,7,8,15,9,13,314,330,261,216,280,309,257,241,218,243,270,279,301,339,306,235,236,250,311,326,348
13,108189,102434,104736,108486,107784,116222,110237,124004,139090,143203,117303,55786,85992,119312,125062,123331,125756,139030,157013,144029,155509,117859,141467,135917,89221,107150,83,73,67,56,77,55,49,49,46,67,44,42,67,59,73,48,65,"3,916","3,813","3,795","3,462","3,599","3,339","3,126","3,040","3,233","2,978","2,959","3,067","3,174","3,135","3,221","2,948","3,126","3,349","3,559","3,033","3,289"
14,259607,256735,237076,277370,185703,261756,257247,239663,216425,262385,269349,142318,184655,92413,42930,100079,90917,113046,170996,190564,170176,138667,145492,143954,107646,149600,65,102,100,109,78,76,70,99,103,88,67,70,66,85,105,64,94,"5,824","5,504","5,337","5,003","5,030","4,644","4,087","4,449","4,168","4,262","4,329","4,049","4,531","4,781","4,574","4,392","4,594","4,727","4,620","3,973","3,817"
15,24031,25979,23063,28187,29445,34123,34639,32695,35043,37360,32874,15068,25191,46892,53383,53156,49934,55377,67502,60196,59526,59595,58363,63436,36908,41627,20,21,11,20,17,8,7,18,12,18,9,9,21,15,6,8,18,"1,274","1,217","1,165",990,"1,018",849,642,737,654,673,703,623,722,775,714,673,698,770,798,856,798
16,96304,132532,164172,170609,180865,177991,185571,169858,154979,162658,161204,80289,114861,89561,109153,118772,141892,159622,181893,174680,186225,174346,167065,176172,141156,152815,83,51,48,97,93,52,50,69,73,74,59,71,69,79,79,42,59,"6,164","6,113","5,487","4,519","4,570","4,240","4,479","4,358","4,297","4,456","4,308","4,073","4,204","4,852","4,477","4,115","4,280","4,292","4,412","4,004","4,511"
17,59371,54232,51345,44975,41929,37964,34206,34439,33889,30106,30665,12813,26142,59872,51782,52599,54298,54630,60772,50061,49342,45874,45390,53246,33752,38996,22,17,19,14,23,11,18,15,33,15,13,14,17,21,21,9,18,969,"1,047","1,019",679,889,868,"1,053","1,169","1,086","1,176","1,311","1,189","1,124","1,082",946,"1,011",986,978,897,920,837
18,1059773,1044692,1027816,814098,1259926,1550459,1709411,1538809,1696081,1290915,1336201,557400,853404,466648,467553,491295,417395,561907,624022,582903,569902,558499,482808,448004,286619,348223,281,345,324,253,288,242,254,310,311,308,378,303,299,255,179,157,275,"64,651","64,343","59,252","39,159","38,435","36,165","36,351","37,457","39,694","38,248","41,495","40,113","38,394","38,500","34,365","31,398","31,205","29,144","30,582","31,474","29,745"
19,60532,35509,76099,65326,66889,61786,50158,59525,53809,99393,120003,77822,91372,36617,16568,40582,37695,40195,60453,55378,62283,28084,33291,29405,25600,26510,13,20,6,7,14,8,10,7,8,10,9,12,11,8,6,9,9,"1,502","1,416","1,316","1,140","1,227",842,"1,038","1,077","1,185","1,102","1,107",979,630,748,812,875,840,947,897,861,839
20,153357,225870,204230,197654,187611,188422,182282,176902,163042,163509,183157,91441,140352,74432,26848,52398,56919,63317,93452,87120,99324,86291,77323,86524,60572,78875,59,63,47,75,65,63,52,47,71,62,45,51,37,62,50,31,41,"2,444","4,153","3,928","3,448","3,571","3,319","3,013","2,904","3,062","2,943","3,341","3,067","3,092","2,931","2,856","2,771","2,804","2,683","2,706","2,597","2,668"
21,88196,94015,115664,118045,127622,117565,122503,128284,110251,79706,82169,37098,43050,66311,73370,48748,45215,41805,41044,40096,44756,41055,51961,77928,60255,58050,28,21,20,21,24,29,16,18,16,22,25,15,17,16,17,21,11,"2,128","1,675","1,582","1,718","1,475","1,450","1,405","1,478","1,493","1,382","1,504","1,412","1,451","1,436","1,309","1,286","1,376","1,404","1,383","1,268","1,298"
22,20190,24323,16597,22335,23522,24672,24231,21496,22989,25484,29586,13554,15510,16552,26243,13772,19823,17666,40742,20480,22074,25762,32420,45012,32405,30882,15,15,8,16,12,7,17,12,11,16,12,8,12,19,20,15,23,916,940,822,700,816,685,622,626,650,641,676,661,651,619,404,431,459,630,776,682,542
23,19278,27759,27060,24509,21057,20985,18706,16861,17419,19296,30467,14194,34665,47945,58340,59012,63155,77424,91870,78387,99323,109610,131876,127036,96988,109305,27,25,19,36,24,6,33,17,29,33,25,19,22,28,32,21,38,"2,163","2,305","2,015","1,854","2,015","1,810","1,712","1,587","1,560","1,704","1,321","1,220","1,429","1,443","1,328","1,060","1,030","1,014",941,"1,027","1,084"
24,109958,140076,142623,137059,138050,119847,123520,91275,95424,91694,106827,46616,76368,80918,76848,78529,83052,102263,100568,115805,142252,101847,70352,101612,78628,94635,46,41,56,49,38,59,51,66,68,71,56,49,44,64,60,35,63,"5,159","5,166","4,629","4,131","4,197","3,617","3,811","3,753","3,714","4,054","4,041","3,808","4,114","4,299","3,650","3,370","3,359","3,698","3,641","3,224","3,173"
25,42498,37188,30209,44080,40580,43605,53129,47856,39854,42600,50176,22302,26289,33592,43705,42633,34729,28920,35935,31172,31482,28652,32346,33417,21857,36851,20,31,21,25,24,22,16,19,22,22,24,18,12,29,23,12,14,"1,146","1,077",814,856,877,838,622,533,673,708,756,835,795,963,938,880,888,845,958,743,711
26,18529,76482,81233,79619,72291,83524,80312,86513,71916,109510,119131,77111,125365,15147,58723,63655,58955,58529,70106,81505,88607,58879,104860,117484,87583,98951,43,36,32,58,63,59,62,62,69,55,70,81,79,69,106,48,136,"3,969","3,789","3,823","3,957","4,102","4,104","4,046","4,565","4,964","4,824","4,886","4,996","5,083","5,179","5,308","5,238","5,827","6,944","7,708","6,175","4,920"
27,75340,92083,104680,105674,65894,106407,118441,121379,110093,87935,99169,48894,67372,34401,43778,47862,53710,29917,63643,81563,93004,93640,89829,109788,86468,97333,20,35,34,40,23,29,38,21,35,37,35,33,38,27,35,15,39,"2,370","2,461","2,111","2,418","2,047","2,192","2,183","2,300","2,495","2,592","2,480","2,465","2,378","2,547","2,505","2,417","2,416","2,355","2,436","2,223","2,049"
28,1161555,1188752,1199873,1074895,835100,1393037,1347213,1543957,1344905,1502154,1394158,546473,911685,828386,787018,828829,827773,744673,1142446,1006142,1223304,1060897,1250465,1083932,620918,705153,809,863,850,838,952,754,758,919,974,995,837,730,954,"1,118",895,852,967,"2,688","3,072","3,908","21,015","20,614","21,048","22,355","25,254","25,988","26,675","27,224","26,337","27,700","29,483","32,038","31,108","34,502","37,748","38,130","28,650","31,744"
29,171129,72290,65017,134583,132016,124957,151146,141196,161247,181658,125508,69789,92476,84497,49642,48232,110768,128448,146853,176136,185157,154858,176349,128992,98534,115045,93,79,73,71,90,69,63,63,71,60,70,34,43,48,56,50,67,"4,401","3,430","3,160","2,881","2,931","2,463","2,158","2,027","1,829","1,803","1,774","1,554","1,354","1,760","1,922","1,800","1,978","2,158","2,276","2,037","2,014"
30,224960,256709,260769,302491,325734,343822,410747,404739,425203,405837,420928,224229,361575,248479,259992,244677,273540,339217,406564,409347,402834,339409,361354,441905,316420,365240,237,171,181,229,256,209,160,180,202,207,156,160,191,221,162,143,199,"11,820","11,331","10,644","10,111","9,576","8,851","8,665","8,608","9,035","9,072","9,254","8,617","8,993","9,490","9,283","8,191","8,947","9,497","9,119","8,451","8,164"
31,172371,171560,171042,142590,153965,153199,212076,210769,162007,204680,217077,97658,175346,136363,132477,125663,124355,159925,161976,163276,164796,163957,171493,197691,171757,181837,110,145,118,121,142,148,109,108,95,85,90,78,85,92,108,98,114,"7,523","7,547","6,568","6,284","6,168","5,287","5,021","5,278","5,881","5,762","5,922","5,693","6,557","6,588","5,719","5,488","5,738","6,070","6,021","5,018","5,335"
